Dado;Distritos;2014;2015;2016;2017;2018;2019;2020;2021;2022;2023
Oferta de emprego formal;Água Rasa;30.083;31.054;30.048;31.373;32.049;30.228;30.842;30.842;30.842;30.842
Oferta de emprego formal;Alto de Pinheiros;23.913;26.163;25.760;23.959;24.200;22.998;20.764;20.764;20.764;20.764
Oferta de emprego formal;Anhanguera;8.354;7.419;6.581;6.816;7.573;8.069;8.012;8.012;8.012;8.012
Oferta de emprego formal;Aricanduva;23.610;23.002;21.810;22.078;21.424;20.763;19.642;19.642;19.642;19.642
Oferta de emprego formal;Artur Alvim;13.022;11.820;11.463;13.231;14.080;11.452;10.529;10.529;10.529;10.529
Oferta de emprego formal;Barra Funda;89.932;91.980;85.799;84.482;76.960;88.378;85.906;85.906;85.906;85.906
Oferta de emprego formal;Bela Vista;135.937;137.516;137.074;124.543;128.907;142.669;129.748;129.748;129.748;129.748
Oferta de emprego formal;Belém;54.060;49.813;48.663;53.165;56.564;42.456;40.819;40.819;40.819;40.819
Oferta de emprego formal;Bom Retiro;61.542;55.716;53.472;52.248;52.996;53.107;47.812;47.812;47.812;47.812
Oferta de emprego formal;Brás;56.465;51.510;52.405;52.299;51.280;48.495;43.997;43.997;43.997;43.997
Oferta de emprego formal;Brasilândia;11.921;11.599;11.437;10.521;10.675;11.001;11.336;11.336;11.336;11.336
Oferta de emprego formal;Butantã;63.738;56.409;53.626;51.763;52.415;59.005;60.686;60.686;60.686;60.686
Oferta de emprego formal;Cachoeirinha;13.835;13.867;13.510;14.458;13.505;12.910;12.594;12.594;12.594;12.594
Oferta de emprego formal;Cambuci;42.241;39.337;37.454;40.840;39.894;42.113;33.698;33.698;33.698;33.698
Oferta de emprego formal;Campo Belo;73.084;71.003;69.367;62.614;59.492;60.844;51.490;51.490;51.490;51.490
Oferta de emprego formal;Campo Grande;79.216;75.636;66.517;61.680;62.979;62.235;51.053;51.053;51.053;51.053
Oferta de emprego formal;Campo Limpo;20.085;20.374;20.578;24.570;23.057;24.241;23.369;23.369;23.369;23.369
Oferta de emprego formal;Cangaíba;11.187;11.019;11.465;10.835;10.359;10.420;9.887;9.887;9.887;9.887
Oferta de emprego formal;Capão Redondo;23.855;22.176;22.315;21.610;19.737;21.922;20.247;20.247;20.247;20.247
Oferta de emprego formal;Carrão;27.264;28.320;26.578;26.183;26.873;31.376;32.806;32.806;32.806;32.806
Oferta de emprego formal;Casa Verde;32.386;30.948;28.168;32.195;32.735;33.284;31.875;31.875;31.875;31.875
Oferta de emprego formal;Cidade Ademar;23.501;21.848;21.241;19.292;21.248;21.269;20.340;20.340;20.340;20.340
Oferta de emprego formal;Cidade Dutra;29.607;30.313;30.969;28.668;29.526;31.251;28.747;28.747;28.747;28.747
Oferta de emprego formal;Cidade Líder;18.164;17.250;18.033;19.764;19.943;17.903;17.316;17.316;17.316;17.316
Oferta de emprego formal;Cidade Tiradentes;6.875;8.024;8.152;7.106;7.081;6.842;6.814;6.814;6.814;6.814
Oferta de emprego formal;Consolação;109.572;100.201;93.876;93.850;98.144;82.771;78.688;78.688;78.688;78.688
Oferta de emprego formal;Cursino;27.673;25.170;23.086;21.816;21.140;20.974;19.598;19.598;19.598;19.598
Oferta de emprego formal;Ermelino Matarazzo;14.213;13.049;13.744;13.000;12.534;12.233;11.753;11.753;11.753;11.753
Oferta de emprego formal;Freguesia do Ó;38.163;31.449;29.148;28.484;27.308;27.051;23.014;23.014;23.014;23.014
Oferta de emprego formal;Grajaú;17.284;17.465;21.031;17.417;17.782;17.286;17.274;17.274;17.274;17.274
Oferta de emprego formal;Guaianases;7.575;7.055;7.143;7.233;7.437;7.095;7.019;7.019;7.019;7.019
Oferta de emprego formal;Iguatemi;7.495;7.140;7.080;6.452;6.806;6.660;7.123;7.123;7.123;7.123
Oferta de emprego formal;Ipiranga;61.713;63.749;61.445;72.167;71.007;75.636;70.401;70.401;70.401;70.401
Oferta de emprego formal;Itaim Bibi;334.448;339.749;327.264;310.375;323.463;345.238;331.110;331.110;331.110;331.110
Oferta de emprego formal;Itaim Paulista;21.579;20.745;21.205;22.520;23.148;22.206;21.886;21.886;21.886;21.886
Oferta de emprego formal;Itaquera;25.818;27.990;29.409;22.966;25.687;29.885;28.717;28.717;28.717;28.717
Oferta de emprego formal;Jabaquara;71.111;67.689;64.597;65.875;64.755;67.269;61.634;61.634;61.634;61.634
Oferta de emprego formal;Jaçanã;16.065;15.318;14.603;14.399;14.994;14.965;14.343;14.343;14.343;14.343
Oferta de emprego formal;Jaguara;26.210;24.931;24.002;21.431;21.362;25.871;23.790;23.790;23.790;23.790
Oferta de emprego formal;Jaguaré;36.991;35.082;35.609;39.805;48.370;66.072;64.053;64.053;64.053;64.053
Oferta de emprego formal;Jaraguá;17.437;17.333;18.046;17.287;17.493;17.243;15.959;15.959;15.959;15.959
Oferta de emprego formal;Jardim Ângela;14.555;14.143;15.127;13.935;14.959;14.978;15.008;15.008;15.008;15.008
Oferta de emprego formal;Jardim Helena;6.740;7.242;6.967;6.616;6.662;7.179;7.783;7.783;7.783;7.783
Oferta de emprego formal;Jardim Paulista;167.645;166.688;152.491;118.086;128.523;143.583;145.897;145.897;145.897;145.897
Oferta de emprego formal;Jardim São Luís;49.240;40.492;37.914;42.541;44.460;48.648;42.980;42.980;42.980;42.980
Oferta de emprego formal;José Bonifácio;10.404;11.954;11.468;10.932;11.512;24.611;25.490;25.490;25.490;25.490
Oferta de emprego formal;Lajeado;9.125;9.769;9.701;11.462;11.710;11.994;10.898;10.898;10.898;10.898
Oferta de emprego formal;Lapa;122.576;124.355;111.249;108.451;113.449;127.154;120.180;120.180;120.180;120.180
Oferta de emprego formal;Liberdade;54.228;51.980;50.715;53.014;50.454;45.904;43.476;43.476;43.476;43.476
Oferta de emprego formal;Limão;28.926;25.459;24.908;22.348;22.523;23.604;21.544;21.544;21.544;21.544
Oferta de emprego formal;Mandaqui;19.417;19.056;17.211;15.275;16.592;14.847;17.647;17.647;17.647;17.647
Oferta de emprego formal;Marsilac;136;125;117;168;209;170;162;162;162;162
Oferta de emprego formal;Moema;89.984;92.229;90.060;86.927;89.154;93.979;93.504;93.504;93.504;93.504
Oferta de emprego formal;Mooca;64.444;64.564;62.236;59.862;59.618;60.646;63.708;63.708;63.708;63.708
Oferta de emprego formal;Morumbi;48.327;48.000;50.537;52.696;50.626;58.359;61.019;61.019;61.019;61.019
Oferta de emprego formal;Parelheiros;6.545;6.743;6.798;6.916;7.602;9.166;9.891;9.891;9.891;9.891
Oferta de emprego formal;Pari;27.392;25.724;25.580;26.053;26.470;26.779;20.186;20.186;20.186;20.186
Oferta de emprego formal;Parque do Carmo;21.261;18.001;18.054;24.790;26.190;28.795;29.234;29.234;29.234;29.234
Oferta de emprego formal;Pedreira;8.588;8.541;8.519;8.197;8.650;9.284;9.485;9.485;9.485;9.485
Oferta de emprego formal;Penha;43.252;41.175;39.636;35.621;35.344;32.492;30.977;30.977;30.977;30.977
Oferta de emprego formal;Perdizes;50.253;50.562;47.896;43.488;43.067;45.631;39.140;39.140;39.140;39.140
Oferta de emprego formal;Perus;5.214;5.251;5.280;4.876;4.681;6.450;5.910;5.910;5.910;5.910
Oferta de emprego formal;Pinheiros;132.722;129.710;123.935;127.818;133.051;151.534;139.864;139.864;139.864;139.864
Oferta de emprego formal;Pirituba;24.549;23.599;22.318;22.952;22.320;20.522;22.497;22.497;22.497;22.497
Oferta de emprego formal;Ponte Rasa;9.569;9.419;9.474;9.200;9.297;13.132;12.249;12.249;12.249;12.249
Oferta de emprego formal;Raposo Tavares;17.098;17.087;16.328;14.920;14.417;13.744;13.300;13.300;13.300;13.300
Oferta de emprego formal;República;164.452;159.271;144.594;135.092;140.192;133.538;130.425;130.425;130.425;130.425
Oferta de emprego formal;Rio Pequeno;18.554;17.158;16.337;14.929;14.938;15.385;14.010;14.010;14.010;14.010
Oferta de emprego formal;Sacomã;41.467;37.358;35.714;36.988;37.119;38.516;36.191;36.191;36.191;36.191
Oferta de emprego formal;Santa Cecília;69.703;67.012;73.061;73.822;76.096;73.843;75.097;75.097;75.097;75.097
Oferta de emprego formal;Santana;82.838;72.417;156.554;158.674;156.611;81.690;187.794;187.794;187.794;187.794
Oferta de emprego formal;Santo Amaro;164.572;155.810;26.593;26.265;25.412;186.197;24.412;24.412;24.412;24.412
Oferta de emprego formal;São Domingos;24.737;25.727;18.312;19.041;19.239;25.621;19.135;19.135;19.135;19.135
Oferta de emprego formal;São Lucas;20.081;19.252;23.324;24.662;24.019;19.395;22.129;22.129;22.129;22.129
Oferta de emprego formal;São Mateus;26.203;25.658;15.327;15.274;15.807;25.062;14.368;14.368;14.368;14.368
Oferta de emprego formal;São Miguel;16.644;15.387;7.754;6.955;7.428;15.028;8.068;8.068;8.068;8.068
Oferta de emprego formal;São Rafael;6.898;6.647;27.262;21.090;21.219;7.718;21.371;21.371;21.371;21.371
Oferta de emprego formal;Sapopemba;26.653;28.363;27.262;21.090;21.219;21.496;21.371;21.371;21.371;21.371
Oferta de emprego formal;Saúde;85.946;87.164;82.579;79.678;78.190;76.696;72.325;72.325;72.325;72.325
Oferta de emprego formal;Sé;101.760;94.839;91.459;94.011;92.408;99.690;92.802;92.802;92.802;92.802
Oferta de emprego formal;Socorro;34.610;33.871;33.842;36.157;34.398;36.631;35.498;35.498;35.498;35.498
Oferta de emprego formal;Tatuapé;78.035;76.188;72.749;95.038;81.813;102.766;85.286;85.286;85.286;85.286
Oferta de emprego formal;Tremembé;25.162;24.325;21.837;21.660;20.612;21.091;20.121;20.121;20.121;20.121
Oferta de emprego formal;Tucuruvi;22.606;22.322;22.541;22.673;22.224;23.432;22.633;22.633;22.633;22.633
Oferta de emprego formal;Vila Andrade;30.990;27.885;28.722;27.126;27.118;28.068;24.410;24.410;24.410;24.410
Oferta de emprego formal;Vila Curuçá;8.743;8.583;9.217;8.401;8.335;10.407;9.576;9.576;9.576;9.576
Oferta de emprego formal;Vila Formosa;36.524;34.431;32.873;30.087;46.330;48.288;39.828;39.828;39.828;39.828
Oferta de emprego formal;Vila Guilherme;45.009;48.755;45.922;44.150;45.555;39.933;40.414;40.414;40.414;40.414
Oferta de emprego formal;Vila Jacuí;10.654;11.317;10.905;11.662;12.201;12.452;11.217;11.217;11.217;11.217
Oferta de emprego formal;Vila Leopoldina;66.174;61.771;62.215;66.482;66.278;71.655;62.965;62.965;62.965;62.965
Oferta de emprego formal;Vila Maria;57.538;53.313;51.006;51.057;52.722;56.983;54.930;54.930;54.930;54.930
Oferta de emprego formal;Vila Mariana;181.033;162.214;158.824;160.623;157.291;150.197;140.892;140.892;140.892;140.892
Oferta de emprego formal;Vila Matilde;23.982;26.267;26.005;32.825;35.009;35.641;36.109;36.109;36.109;36.109
Oferta de emprego formal;Vila Medeiros;19.017;18.366;17.038;17.859;18.098;17.652;14.523;14.523;14.523;14.523
Oferta de emprego formal;Vila Prudente;33.365;31.886;29.493;30.470;32.997;35.755;32.285;32.285;32.285;32.285
Oferta de emprego formal;Vila Sônia;34.527;33.729;35.030;32.291;33.753;34.914;38.608;38.608;38.608;38.608
;;;;;;;;;;;
